ID;Nom;Frais;Frais EXTRA: Moyen - MED;Frais EXTRA: Lourd - HVY;Frais EXTRA: Volumineux - BLK;Frais EXTRA: Surdimensionné - OVS;Lundi;Mardi;Mercredi;Jeudi;Vendredi;Samedi;Dimanche;Informations
1;Marrakech;35.00;+15;+35;+55;+75;Oui;Oui;Oui;Oui;Oui;Oui;Oui;
2;Meknes;35.00;+15;+35;+55;+75;Oui;Oui;Oui;Oui;Oui;Oui;Non;
3;Mhaya;45.00;+15;+35;+55;+75;Oui;Oui;Oui;Oui;Oui;Oui;Non;
4;Ain Taoujdate;45.00;+15;+35;+55;+75;Oui;Oui;Oui;Oui;Oui;Oui;Non;
5;Sabaa Aiyoun;45.00;+15;+35;+55;+75;Oui;Oui;Oui;Oui;Oui;Oui;Non;
6;Boufakrane;45.00;+15;+35;+55;+75;Non;Oui;Non;Oui;Non;Oui;Non;
7;El Hajeb;45.00;+15;+35;+55;+75;Non;Oui;Non;Oui;Non;Oui;Non;
8;Bouderbala;45.00;+15;+35;+55;+75;Oui;Oui;Oui;Oui;Oui;Oui;Non;
10;Boujdour;45.00;+15;+35;+55;+75;Non;Oui;Oui;Oui;Oui;Oui;Non;
11;Tetouan;35.00;+15;+35;+55;+75;Oui;Oui;Oui;Oui;Oui;Oui;Non;
12;Martil;40.00;+15;+35;+55;+75;Oui;Oui;Oui;Oui;Oui;Oui;Non;
13;M Diq;45.00;+15;+35;+55;+75;Oui;Oui;Oui;Oui;Oui;Oui;Non;
14;Fnideq;40.00;+15;+35;+55;+75;Oui;Oui;Oui;Oui;Oui;Oui;Non;
15;Errachidia;40.00;+15;+35;+55;+75;Oui;Oui;Oui;Oui;Oui;Oui;Non;
16;Oujda;35.00;+15;+35;+55;+75;Oui;Oui;Oui;Oui;Oui;Oui;Non;
17;Nador;40.00;+15;+35;+55;+75;Oui;Oui;Oui;Oui;Oui;Oui;Non;
18;Selouane;45.00;+15;+35;+55;+75;Oui;Oui;Oui;Oui;Oui;Oui;Non;
20;Al Aaroui;45.00;+15;+35;+55;+75;Oui;Oui;Oui;Oui;Oui;Oui;Non;
21;Zaio;45.00;+15;+35;+55;+75;Non;Oui;Non;Oui;Non;Oui;Non;
22;Driouch;45.00;+15;+35;+55;+75;Oui;Oui;Oui;Oui;Oui;Oui;Non;
23;Khouribga;35.00;+15;+35;+55;+75;Oui;Oui;Oui;Oui;Oui;Oui;Non;
24;Oued Zem;40.00;+15;+35;+55;+75;Non;Oui;Non;Oui;Non;Oui;Non;
25;Boulanouar;45.00;+15;+35;+55;+75;Oui;Non;Oui;Non;Oui;Non;Non;
26;Boujniba;45.00;+15;+35;+55;+75;Non;Oui;Non;Oui;Non;Oui;Non;
27;Bir Mezoui;45.00;+15;+35;+55;+75;Non;Non;Oui;Non;Non;Oui;Non;
28;Khemisset;40.00;+15;+35;+55;+75;Oui;Oui;Oui;Oui;Oui;Oui;Non;
29;Tiflet;40.00;+15;+35;+55;+75;Oui;Oui;Oui;Oui;Oui;Oui;Non;
30;Mohammedia;30.00;+15;+35;+55;+75;Oui;Oui;Oui;Oui;Oui;Oui;Non;
31;Ain Harrouda;35.00;+15;+35;+55;+75;Oui;Oui;Oui;Oui;Oui;Oui;Non;
32;Dakhla;45.00;+15;+35;+55;+75;Oui;Oui;Oui;Oui;Oui;Oui;Non;
33;Kenitra;35.00;+15;+35;+55;+75;Oui;Oui;Oui;Oui;Oui;Oui;Non;
34;Sidi Taibi;40.00;+15;+35;+55;+75;Oui;Non;Non;Oui;Non;Non;Non;
35;Sidi Yahya El Gharb;45.00;+15;+35;+55;+75;Oui;Oui;Oui;Oui;Oui;Oui;Non;
37;Mechra Bel Ksiri;45.00;+15;+35;+55;+75;Non;Oui;Non;Oui;Non;Oui;Non;
38;Sidi Sliman (reg kacem);45.00;+15;+35;+55;+75;Non;Oui;Non;Oui;Non;Oui;Non;
39;Sidi Kacem;45.00;+15;+35;+55;+75;Non;Oui;Non;Oui;Non;Oui;Non;
40;Mehdya;45.00;+15;+35;+55;+75;Oui;Oui;Oui;Oui;Oui;Oui;Non;
41;Tan Tan;45.00;+15;+35;+55;+75;Oui;Oui;Oui;Oui;Oui;Oui;Non;
42;Guelmim;45.00;+15;+35;+55;+75;Oui;Oui;Oui;Oui;Oui;Oui;Non;
43;Bouizakarne;45.00;+15;+35;+55;+75;Oui;Oui;Oui;Oui;Oui;Oui;Non;
46; Atlas Saghir ifrane;45.00;+15;+35;+55;+75;Oui;Oui;Oui;Oui;Oui;Oui;Non;
47;Timoulay;45.00;+15;+35;+55;+75;Oui;Oui;Oui;Oui;Oui;Oui;Non;
48;Sidi Ifni;45.00;+15;+35;+55;+75;Oui;Oui;Oui;Oui;Oui;Oui;Non;
49;Rabat;35.00;+15;+35;+55;+75;Oui;Oui;Oui;Oui;Oui;Oui;Non;
50;Sale;35.00;+15;+35;+55;+75;Oui;Oui;Oui;Oui;Oui;Oui;Non;
51;Sale Al Jadida-???;35.00;+15;+35;+55;+75;Oui;Oui;Oui;Oui;Oui;Oui;Non;
52;Temara;35.00;+15;+35;+55;+75;Oui;Oui;Oui;Oui;Oui;Oui;Non;
53;Tamesna;45.00;+15;+35;+55;+75;Oui;Oui;Oui;Oui;Oui;Oui;Non;
54;Skhirat;40.00;+15;+35;+55;+75;Oui;Oui;Oui;Oui;Oui;Oui;Non;
55;Ouarzazat;40.00;+15;+35;+55;+75;Oui;Oui;Oui;Oui;Oui;Oui;Oui;
56;Ait Zineb;45.00;+15;+35;+55;+75;Non;Oui;Non;Non;Non;Oui;Non;
57;Tabounte;45.00;+15;+35;+55;+75;Oui;Oui;Oui;Oui;Oui;Oui;Non;
58;Tajda;45.00;+15;+35;+55;+75;Oui;Oui;Oui;Oui;Oui;Oui;Non;
59;Timdline;45.00;+15;+35;+55;+75;Oui;Non;Non;Oui;Non;Oui;Non;
60;Tifoultoute;45.00;+15;+35;+55;+75;Oui;Oui;Oui;Oui;Oui;Oui;Non;
61;Ifran;45.00;+15;+35;+55;+75;Oui;Oui;Oui;Oui;Non;Oui;Non;
62;Azrou(reg meknes);45.00;+15;+35;+55;+75;Oui;Oui;Oui;Oui;Non;Oui;Non;
63;Agadir;35.00;+15;+35;+55;+75;Oui;Oui;Oui;Oui;Oui;Oui;Oui;
64;Inzegane;40.00;+15;+35;+55;+75;Oui;Oui;Oui;Oui;Oui;Oui;Oui;
65;Dcheira;45.00;+15;+35;+55;+75;Oui;Oui;Oui;Oui;Oui;Oui;Oui;
66;Ait Meloul;45.00;+15;+35;+55;+75;Oui;Oui;Oui;Oui;Oui;Oui;Oui;
67;Sidi Bibi - Agadir;45.00;+15;+35;+55;+75;Oui;Oui;Oui;Oui;Oui;Oui;Non;
68;Taghazoute;45.00;+15;+35;+55;+75;Oui;Oui;Oui;Oui;Oui;Oui;Non;
69;Fes;35.00;+15;+35;+55;+75;Oui;Oui;Oui;Oui;Oui;Oui;Oui;
70;Ain Bida;45.00;+15;+35;+55;+75;Oui;Oui;Oui;Oui;Oui;Oui;Oui;
71;Oulad Ettayeb;45.00;+15;+35;+55;+75;Oui;Oui;Oui;Oui;Oui;Oui;Non;
72;Ain Allah;45.00;+15;+35;+55;+75;Oui;Non;Oui;Oui;Oui;Oui;Non;
73;Sidi Harazem;45.00;+15;+35;+55;+75;Oui;Non;Oui;Oui;Oui;Oui;Non;
74;Essmara;45.00;+15;+35;+55;+75;Non;Oui;Non;Oui;Non;Oui;Non;
75;Berrchid;35.00;+15;+35;+55;+75;Oui;Oui;Oui;Oui;Oui;Oui;Non;
76;Settat;35.00;+15;+35;+55;+75;Oui;Oui;Oui;Oui;Oui;Oui;Non;
77;Deroua;35.00;+15;+35;+55;+75;Oui;Oui;Oui;Oui;Oui;Oui;Oui;
78;Nouaceur;35.00;+15;+35;+55;+75;Oui;Oui;Oui;Oui;Oui;Oui;Oui;
79;Had Soualem;30.00;+15;+35;+55;+75;Oui;Oui;Oui;Oui;Oui;Oui;Oui;
80;Al Hoceima;40.00;+15;+35;+55;+75;Oui;Oui;Oui;Oui;Oui;Oui;Non;
81;Ajdir (Région Hociema);45.00;+15;+35;+55;+75;Non;Oui;Non;Oui;Non;Oui;Non;
82;Boukidaren;45.00;+15;+35;+55;+75;Oui;Oui;Oui;Oui;Oui;Oui;Non;
83;Ait Kamra;45.00;+15;+35;+55;+75;Non;Oui;Non;Non;Non;Oui;Non;
84;Imzouren;45.00;+15;+35;+55;+75;Oui;Oui;Oui;Oui;Oui;Oui;Non;
85;Youssoufia;40.00;+15;+35;+55;+75;Oui;Oui;Oui;Oui;Oui;Oui;Non;
86;Essaouira;40.00;+15;+35;+55;+75;Oui;Oui;Oui;Oui;Oui;Oui;Non;
87;Ounagha;40.00;+15;+35;+55;+75;Oui;Oui;Oui;Oui;Oui;Oui;Non;
88;Taftecht;45.00;+15;+35;+55;+75;Oui;Oui;Oui;Oui;Oui;Oui;Non;
89;Had Draa;45.00;+15;+35;+55;+75;Oui;Oui;Oui;Oui;Oui;Oui;Non;
90;Mejji;45.00;+15;+35;+55;+75;Oui;Oui;Oui;Oui;Oui;Oui;Non;
91;Talmest;45.00;+15;+35;+55;+75;Oui;Oui;Oui;Oui;Oui;Oui;Non;
92;Akermoud;45.00;+15;+35;+55;+75;Oui;Oui;Oui;Oui;Oui;Oui;Non;
93;Zaouiet Bouzarktoune;45.00;+15;+35;+55;+75;Oui;Oui;Oui;Oui;Oui;Oui;Non;
94;Ghazoua;45.00;+15;+35;+55;+75;Oui;Oui;Oui;Oui;Oui;Oui;Non;
95;Smimou;45.00;+15;+35;+55;+75;Oui;Oui;Oui;Oui;Oui;Oui;Non;
96;Tamanar;45.00;+15;+35;+55;+75;Oui;Non;Oui;Non;Oui;Non;Non;
97;Sidi Kaouki;45.00;+15;+35;+55;+75;Oui;Oui;Oui;Oui;Oui;Oui;Non;
98;Tanger;35.00;+15;+35;+55;+75;Oui;Oui;Oui;Oui;Oui;Oui;Oui;
99;Mrirt;45.00;+15;+35;+55;+75;Oui;Oui;Oui;Oui;Oui;Oui;Non;
100;Khenifra;45.00;+15;+35;+55;+75;Oui;Oui;Oui;Oui;Oui;Oui;Non;
101;Ben Guerir;40.00;+15;+35;+55;+75;Oui;Oui;Oui;Oui;Oui;Oui;Non;
102;Taroudannt;45.00;+15;+35;+55;+75;Oui;Oui;Oui;Oui;Oui;Oui;Non;
103;Oulad Teima;45.00;+15;+35;+55;+75;Oui;Oui;Oui;Oui;Oui;Oui;Non;
104;Ait Laaza;45.00;+15;+35;+55;+75;Oui;Oui;Oui;Oui;Oui;Oui;Non;
105;Aoulouz;45.00;+15;+35;+55;+75;Oui;Oui;Oui;Oui;Oui;Oui;Non;
107;Taliouine;45.00;+15;+35;+55;+75;Oui;Non;Non;Oui;Non;Non;Non;
108;Sebt El Guerdane;45.00;+15;+35;+55;+75;Oui;Oui;Oui;Oui;Oui;Oui;Non;
109;Berkane;45.00;+15;+35;+55;+75;Oui;Oui;Oui;Oui;Oui;Oui;Non;
110;Saidia;45.00;+15;+35;+55;+75;Non;Oui;Non;Oui;Non;Oui;Non;
111;Ras El Ma (REG NADOR) ;45.00;+15;+35;+55;+75;Non;Oui;Non;Non;Non;Oui;Non;
112;Bni Drar;45.00;+15;+35;+55;+75;Non;Oui;Non;Oui;Non;Oui;Non;
113;Ahfir;45.00;+15;+35;+55;+75;Non;Oui;Non;Oui;Non;Oui;Non;
114;Aklim;45.00;+15;+35;+55;+75;Oui;Non;Non;Oui;Non;Oui;Non;
115;Zeghanghane;45.00;+15;+35;+55;+75;Oui;Non;Oui;Non;Oui;Non;Non;
116;Farkhana;45.00;+15;+35;+55;+75;Oui;Non;Non;Oui;Non;Non;Non;
117;Taza;40.00;+15;+35;+55;+75;Oui;Oui;Oui;Oui;Oui;Oui;Non;
118;Guercif;45.00;+15;+35;+55;+75;Oui;Oui;Oui;Oui;Oui;Oui;Non;
119;Tiznit;45.00;+15;+35;+55;+75;Oui;Oui;Oui;Oui;Oui;Oui;Non;
120;Safi;40.00;+15;+35;+55;+75;Oui;Oui;Oui;Oui;Oui;Oui;Non;
121;Had Hrara;45.00;+15;+35;+55;+75;Non;Non;Non;Non;Non;Non;Oui;
122;Sebt Gzoula;45.00;+15;+35;+55;+75;Non;Oui;Non;Oui;Non;Oui;Non;
125;Larache;35.00;+15;+35;+55;+75;Oui;Oui;Oui;Oui;Oui;Oui;Non;
126;Ksar El Kebir;45.00;+15;+35;+55;+75;Oui;Oui;Oui;Oui;Oui;Oui;Non;
127;Chefchaouen;45.00;+15;+35;+55;+75;Oui;Oui;Oui;Oui;Oui;Oui;Non;
128;Sidi Bernoussi;20.00;+15;+35;+55;+75;Oui;Oui;Oui;Oui;Oui;Oui;Oui;
129;Casablanca;20.00;+15;+35;+55;+75;Oui;Oui;Oui;Oui;Oui;Oui;Oui;
130;Sidi Messaoud;30.00;+15;+35;+55;+75;Oui;Oui;Oui;Oui;Oui;Oui;Oui;
131;Bouskoura;30.00;+15;+35;+55;+75;Oui;Oui;Oui;Oui;Oui;Oui;Oui;
132;Dar Bouaza;30.00;+15;+35;+55;+75;Oui;Oui;Oui;Oui;Oui;Oui;Oui;
133;Mediouna;30.00;+15;+35;+55;+75;Oui;Oui;Oui;Oui;Oui;Oui;Oui;
134;Tit Melil;30.00;+15;+35;+55;+75;Oui;Oui;Oui;Oui;Oui;Oui;Oui;
135;El Kelaa Des Sraghna;45.00;+15;+35;+55;+75;Oui;Oui;Oui;Oui;Oui;Oui;Non;
136;El Jadida;35.00;+15;+35;+55;+75;Oui;Oui;Oui;Oui;Oui;Oui;Non;
138;Sidi Bouzid;40.00;+15;+35;+55;+75;Oui;Oui;Oui;Oui;Oui;Oui;Non;
140;Oualidia;40.00;+15;+35;+55;+75;Oui;Non;Non;Non;Non;Non;Non;
141;Sidi Bennour;45.00;+15;+35;+55;+75;Oui;Oui;Oui;Oui;Oui;Oui;Non;
142;Beni Ansar;45.00;+15;+35;+55;+75;Non;Oui;Non;Oui;Non;Oui;Non;
143;Izemmouren;45.00;+15;+35;+55;+75;Oui;Oui;Oui;Oui;Oui;Oui;Non;
144;Laayoune;45.00;+15;+35;+55;+75;Oui;Oui;Oui;Oui;Oui;Oui;Oui;
145;El Marsa;45.00;+15;+35;+55;+75;Non;Non;Oui;Non;Non;Oui;Non;
146;Beni Mellal;35.00;+15;+35;+55;+75;Oui;Oui;Oui;Oui;Oui;Oui;Non;
147;Fquih Ben Salah;40.00;+15;+35;+55;+75;Oui;Oui;Oui;Oui;Oui;Oui;Non;
148;Sebt Oulad Nemma;45.00;+15;+35;+55;+75;Oui;Oui;Oui;Oui;Oui;Oui;Non;
149;Afourer;45.00;+15;+35;+55;+75;Oui;Oui;Oui;Oui;Oui;Oui;Non;
150;Ouled Yaiche;45.00;+15;+35;+55;+75;Oui;Oui;Oui;Oui;Oui;Oui;Non;
151;El Ksiba;45.00;+15;+35;+55;+75;Oui;Oui;Oui;Oui;Oui;Oui;Non;
152;Ain Aouda;45.00;+15;+35;+55;+75;Oui;Oui;Oui;Oui;Oui;Oui;Non;
153;Tamansourt;45.00;+15;+35;+55;+75;Oui;Oui;Oui;Oui;Oui;Oui;Oui;
154;Benslimane ( reg mohamedia);40.00;+15;+35;+55;+75;Oui;Oui;Oui;Oui;Oui;Oui;Oui;
156;Kasbah Tadla;45.00;+15;+35;+55;+75;Oui;Oui;Oui;Oui;Oui;Oui;Non;
157;Chemaia;45.00;+15;+35;+55;+75;Oui;Oui;Oui;Oui;Oui;Oui;Non;
160;Ourika;45.00;+15;+35;+55;+75;Oui;Oui;Oui;Oui;Oui;Oui;Non;
161;Tahannaout;45.00;+15;+35;+55;+75;Oui;Oui;Oui;Oui;Oui;Oui;Non;
162;Ait Ourir;45.00;+15;+35;+55;+75;Oui;Oui;Oui;Oui;Oui;Oui;Non;
164;Oudaya;45.00;+15;+35;+55;+75;Oui;Non;Oui;Non;Oui;Non;Non;
165;Chichaoua;45.00;+15;+35;+55;+75;Oui;Oui;Oui;Oui;Oui;Oui;Non;
166;Assilah;45.00;+15;+35;+55;+75;Oui;Oui;Oui;Oui;Oui;Oui;Non;
167;Bouznika;35.00;+15;+35;+55;+75;Oui;Oui;Oui;Oui;Oui;Oui;Oui;
168;Sefrou;45.00;+15;+35;+55;+75;Oui;Oui;Oui;Oui;Oui;Oui;Non;
169;Taourirt;45.00;+15;+35;+55;+75;Oui;Oui;Oui;Oui;Oui;Oui;Non;
170;Chouiter;45.00;+15;+35;+55;+75;Oui;Oui;Oui;Oui;Oui;Oui;Non;
171;Sidi Allal el Bahraoui;40.00;+15;+35;+55;+75;Non;Non;Oui;Non;Non;Non;Non;
172;Romani;45.00;+15;+35;+55;+75;Oui;Non;Non;Oui;Non;Non;Non;
173;Oulmas;45.00;+15;+35;+55;+75;Non;Non;Oui;Non;Non;Oui;Non;
174;Ouazzane;40.00;+15;+35;+55;+75;Oui;Oui;Oui;Oui;Oui;Oui;Non;
175;Ain Dorij;45.00;+15;+35;+55;+75;Non;Oui;Non;Non;Oui;Non;Non;
177;Sidi Redouane;45.00;+15;+35;+55;+75;Non;Non;Oui;Non;Non;Oui;Non;
179;Moqrisset;45.00;+15;+35;+55;+75;Oui;Oui;Oui;Oui;Oui;Oui;Oui;
180;Zoumi;45.00;+15;+35;+55;+75;Oui;Non;Non;Oui;Non;Non;Non;
181;Harhoura;40.00;+15;+35;+55;+75;Oui;Oui;Oui;Oui;Oui;Oui;Non;
182;Laattaouia;45.00;+15;+35;+55;+75;Oui;Oui;Oui;Oui;Oui;Oui;Non;
183;Rissani;45.00;+15;+35;+55;+75;Oui;Oui;Oui;Oui;Oui;Oui;Non;
184;Arfoud;45.00;+15;+35;+55;+75;Oui;Oui;Oui;Oui;Oui;Oui;Non;
185;Merzouga;45.00;+15;+35;+55;+75;Non;Non;Oui;Non;Non;Oui;Non;
186;Taddart - TAZA -;45.00;+15;+35;+55;+75;Oui;Oui;Oui;Oui;Oui;Oui;Non;
187;Bni Bouayach;45.00;+15;+35;+55;+75;Oui;Oui;Oui;Oui;Oui;Oui;Non;
188;Azilal;45.00;+15;+35;+55;+75;Oui;Oui;Oui;Oui;Oui;Oui;Non;
189;Ouaouizeght;45.00;+15;+35;+55;+75;Non;Non;Non;Non;Non;Oui;Non;
190;Bejaad;45.00;+15;+35;+55;+75;Oui;Non;Oui;Oui;Oui;Oui;Non;
191;Tinghir;45.00;+15;+35;+55;+75;Oui;Oui;Oui;Oui;Oui;Oui;Non;
192;Boumalne Dades;45.00;+15;+35;+55;+75;Oui;Oui;Oui;Oui;Oui;Oui;Non;
193;Kalaat MGouna;45.00;+15;+35;+55;+75;Oui;Oui;Oui;Oui;Oui;Oui;Non;
194;Alnif;45.00;+15;+35;+55;+75;Oui;Non;Oui;Non;Oui;Non;Non;
195;Bou Adel;45.00;+15;+35;+55;+75;Non;Oui;Non;Non;Non;Oui;Non;
196;Zrizer;45.00;+15;+35;+55;+75;Oui;Non;Non;Oui;Non;Non;Non;
199;Ain Aicha;45.00;+15;+35;+55;+75;Oui;Oui;Oui;Oui;Oui;Oui;Non;
200;Taounate;45.00;+15;+35;+55;+75;Non;Oui;Non;Oui;Non;Oui;Non;
201;Awrir;45.00;+15;+35;+55;+75;Oui;Oui;Oui;Oui;Oui;Oui;Non;
202;Ait amira;45.00;+15;+35;+55;+75;Oui;Oui;Oui;Oui;Oui;Oui;Non;
203;Belfaa;45.00;+15;+35;+55;+75;Oui;Oui;Oui;Oui;Oui;Oui;Non;
204;Anza;45.00;+15;+35;+55;+75;Oui;Oui;Oui;Oui;Oui;Oui;Non;
205;DERDARA;45.00;+15;+35;+55;+75;Non;Non;Oui;Non;Non;Oui;Non;
206;Bab Taza;45.00;+15;+35;+55;+75;Non;Non;Oui;Non;Non;Oui;Non;
207;AKCHOUR;45.00;+15;+35;+55;+75;Oui;Oui;Oui;Oui;Oui;Oui;Oui;
208;Bab berred;45.00;+15;+35;+55;+75;Oui;Non;Non;Oui;Non;Non;Non;
209;El Jebeha;45.00;+15;+35;+55;+75;Oui;Non;Oui;Non;Non;Oui;Non;
210;Midelt;45.00;+15;+35;+55;+75;Oui;Oui;Oui;Oui;Oui;Oui;Non;
211;Jerada;45.00;+15;+35;+55;+75;Oui;Oui;Oui;Oui;Oui;Oui;Non;
212;Bouarfa;45.00;+15;+35;+55;+75;Non;Oui;Non;Oui;Non;Oui;Non;
213;Laayoun Cherqia;45.00;+15;+35;+55;+75;Oui;Oui;Oui;Oui;Oui;Oui;Non;
214;Zagora;45.00;+15;+35;+55;+75;Oui;Oui;Oui;Oui;Oui;Oui;Non;
215;Tamegroute;45.00;+15;+35;+55;+75;Non;Non;Non;Non;Oui;Non;Non;
216;Tagomite;45.00;+15;+35;+55;+75;Non;Non;Non;Non;Oui;Non;Non;
217;Mhamid Lghezlane;45.00;+15;+35;+55;+75;Non;Non;Oui;Non;Non;Non;Oui;
218;Agdz;45.00;+15;+35;+55;+75;Non;Oui;Non;Oui;Non;Non;Oui;
219;Nkob;45.00;+15;+35;+55;+75;Non;Oui;Non;Oui;Non;Oui;Non;
220;Tazzarine;45.00;+15;+35;+55;+75;Non;Oui;Non;Oui;Non;Oui;Non;
221;Taghbalte;45.00;+15;+35;+55;+75;Oui;Non;Non;Non;Oui;Non;Non;
222;Errich;45.00;+15;+35;+55;+75;Oui;Oui;Oui;Oui;Oui;Oui;Non;
223;Missour;45.00;+15;+35;+55;+75;Oui;Oui;Oui;Oui;Oui;Oui;Non;
224;Boumia;45.00;+15;+35;+55;+75;Non;Non;Non;Oui;Non;Oui;Non;
225;Tinjdad;45.00;+15;+35;+55;+75;Oui;Oui;Oui;Oui;Oui;Oui;Non;
226;Gulmima - errachidia;45.00;+15;+35;+55;+75;Oui;Oui;Oui;Oui;Oui;Oui;Non;
227;Sidi Bouknadel;40.00;+15;+35;+55;+75;Oui;Oui;Oui;Oui;Oui;Oui;Non;
228;Imintanoute;45.00;+15;+35;+55;+75;Non;Oui;Non;Oui;Non;Oui;Non;
229;Demnate;45.00;+15;+35;+55;+75;Oui;Oui;Oui;Oui;Oui;Oui;Non;
230;Ouad Laou;45.00;+15;+35;+55;+75;Oui;Oui;Oui;Oui;Oui;Oui;Non;
231;Cabo Negro;45.00;+15;+35;+55;+75;Oui;Oui;Oui;Oui;Oui;Oui;Non;
232;Khmiss Zemamera;45.00;+15;+35;+55;+75;Non;Oui;Oui;Oui;Non;Oui;Non;
234;Sidi Smail;45.00;+15;+35;+55;+75;Oui;Non;Oui;Non;Oui;Non;Non;
235;Oulad Fraj;45.00;+15;+35;+55;+75;Non;Non;Oui;Non;Oui;Non;Non;
236;Mellalyène;45.00;+15;+35;+55;+75;Oui;Oui;Oui;Oui;Oui;Oui;Non;
237;Sidi Rehal-casa;40.00;+15;+35;+55;+75;Oui;Oui;Oui;Oui;Oui;Oui;Oui;
238;Assa;45.00;+15;+35;+55;+75;Oui;Oui;Oui;Oui;Oui;Oui;Non;
239;Assa;45.00;+15;+35;+55;+75;Oui;Oui;Oui;Oui;Oui;Oui;Non;
240;Rehamna;45.00;+15;+35;+55;+75;Non;Non;Oui;Non;Non;Oui;Non;
241;Lakhssas;45.00;+15;+35;+55;+75;Oui;Oui;Oui;Oui;Oui;Oui;Non;
242;Aoufous;45.00;+15;+35;+55;+75;Oui;Oui;Oui;Oui;Oui;Oui;Oui;
243;Boudnib;45.00;+15;+35;+55;+75;Oui;Oui;Oui;Oui;Oui;Oui;Non;
244;Ben Ahmed - Settat -;40.00;+15;+35;+55;+75;Oui;Oui;Oui;Oui;Oui;Oui;Non;
245;Sidi Bou Othmane;45.00;+15;+35;+55;+75;Oui;Non;Non;Oui;Non;Non;Non;
246;Asni;45.00;+15;+35;+55;+75;Oui;Non;Non;Oui;Non;Non;Non;
247;Souk Elarbaa Du Gharb;45.00;+15;+35;+55;+75;Non;Oui;Non;Oui;Non;Oui;Non;
248;Ajdir (Région Taza);45.00;+15;+35;+55;+75;Oui;Non;Non;Oui;Non;Non;Non;
250;Amzmiz;45.00;+15;+35;+55;+75;Non;Non;Oui;Non;Non;Oui;Non;
251;Drarga;40.00;+15;+35;+55;+75;Oui;Oui;Oui;Oui;Oui;Oui;Non;
253;Anza - Taddart ;40.00;+15;+35;+55;+75;Oui;Oui;Oui;Oui;Oui;Oui;Non;
254;Zayda;45.00;+15;+35;+55;+75;Non;Non;Non;Oui;Non;Oui;Non;
255;Outat El Haj;45.00;+15;+35;+55;+75;Non;Non;Oui;Non;Non;Oui;Non;
256;Tahla;45.00;+15;+35;+55;+75;Non;Non;Oui;Non;Non;Oui;Non;
257;Oued Amlil;45.00;+15;+35;+55;+75;Non;Non;Oui;Non;Non;Oui;Non;
258;Imouzzer Kandar;45.00;+15;+35;+55;+75;Non;Oui;Non;Oui;Non;Oui;Non;
260;Biogra;45.00;+15;+35;+55;+75;Oui;Oui;Oui;Oui;Oui;Oui;Non;
261;Terfaya;45.00;+15;+35;+55;+75;Non;Oui;Non;Oui;Oui;Non;Non;
262;Tazenakht;45.00;+15;+35;+55;+75;Oui;Non;Non;Oui;Non;Oui;Non;
263;Figuig;45.00;+15;+35;+55;+75;Oui;Oui;Oui;Oui;Oui;Non;Non;
264;Tendrara;45.00;+15;+35;+55;+75;Oui;Oui;Oui;Oui;Oui;Non;Non;
266;Beni Tajjite;45.00;+15;+35;+55;+75;Oui;Non;Non;Oui;Non;Non;Non;
267;Bouanane;45.00;+15;+35;+55;+75;Oui;Non;Non;Oui;Non;Non;Non;
268;Tata;45.00;+15;+35;+55;+75;Oui;Oui;Oui;Oui;Oui;Oui;Non;
270;Mzoudia;40.00;+15;+35;+55;+75;Oui;Non;Oui;Non;Oui;Non;Non;
271;Ksar Sghir;45.00;+15;+35;+55;+75;Oui;Oui;Oui;Oui;Oui;Oui;Non;
272;Tamelelt;45.00;+15;+35;+55;+75;Oui;Oui;Oui;Oui;Oui;Oui;Non;
273;El Gara;40.00;+15;+35;+55;+75;Oui;Non;Oui;Non;Oui;Non;Non;
274;Mirleft;45.00;+15;+35;+55;+75;Oui;Oui;Oui;Oui;Oui;Oui;Non;
275;lqliaa;45.00;+15;+35;+55;+75;Oui;Oui;Oui;Oui;Oui;Oui;Non;
276;oulad berhil;45.00;+15;+35;+55;+75;Oui;Oui;Oui;Oui;Oui;Oui;Non;
277;zaida;45.00;+15;+35;+55;+75;Non;Non;Non;Oui;Non;Oui;Non;
279;targuist;45.00;+15;+35;+55;+75;Oui;Oui;Oui;Oui;Oui;Oui;Non;
280;issaguen;45.00;+15;+35;+55;+75;Oui;Oui;Oui;Oui;Oui;Oui;Non;
281;tala youssef;45.00;+15;+35;+55;+75;Oui;Oui;Oui;Oui;Oui;Oui;Oui;
282;Jaadar;45.00;+15;+35;+55;+75;Oui;Non;Oui;Non;Oui;Non;Non;
283;Midar;45.00;+15;+35;+55;+75;Oui;Oui;Oui;Oui;Oui;Non;Non;
284;Ben Taieb;45.00;+15;+35;+55;+75;Oui;Non;Oui;Oui;Oui;Oui;Non;
285;Kassita;45.00;+15;+35;+55;+75;Oui;Non;Oui;Non;Oui;Non;Non;
286;Tafersit;45.00;+15;+35;+55;+75;Oui;Oui;Oui;Oui;Oui;Non;Non;
287;Dar El Kebdani;45.00;+15;+35;+55;+75;Non;Non;Non;Non;Non;Oui;Non;
288;Oulad Settout;45.00;+15;+35;+55;+75;Oui;Oui;Oui;Non;Oui;Non;Non;
289;Bouarg;45.00;+15;+35;+55;+75;Oui;Non;Non;Non;Non;Non;Non;
290;Arekmane;45.00;+15;+35;+55;+75;Oui;Non;Non;Non;Non;Non;Non;
291;Krona;45.00;+15;+35;+55;+75;Non;Non;Non;Oui;Non;Non;Non;
292;Boudinar;45.00;+15;+35;+55;+75;Non;Non;Non;Oui;Non;Non;Non;
293;Tamsamane;45.00;+15;+35;+55;+75;Non;Non;Non;Oui;Non;Non;Non;
294;Annual;45.00;+15;+35;+55;+75;Oui;Oui;Oui;Oui;Oui;Oui;Oui;
296;BENI CHIKER;45.00;+15;+35;+55;+75;Oui;Non;Non;Oui;Non;Non;Non;
297;Mariouari;45.00;+15;+35;+55;+75;Oui;Non;Non;Oui;Non;Non;Non;
298;Tiztoutine;45.00;+15;+35;+55;+75;Oui;Non;Non;Non;Non;Non;Non;
299;Tamaris;40.00;+15;+35;+55;+75;Oui;Oui;Oui;Oui;Oui;Oui;Oui;
300;Karia Be Mohammed;45.00;+15;+35;+55;+75;Oui;Oui;Oui;Oui;Oui;Oui;Non;
301;Taddart - Charaf - AGADIR;35.00;+15;+35;+55;+75;Oui;Oui;Oui;Oui;Oui;Oui;Non;
302;Ben Ahmed - CHEFCHAOUEN -;45.00;+15;+35;+55;+75;Non;Non;Non;Non;Non;Non;Non;
303;Tnine Chtouka (el jadida);45.00;+15;+35;+55;+75;Oui;Non;Oui;Non;Oui;Non;Non;
304;AIN CHGAG;45.00;+15;+35;+55;+75;Oui;Oui;Oui;Oui;Oui;Oui;Non;
305;Tafraoute;45.00;+15;+35;+55;+75;Oui;Oui;Oui;Oui;Oui;Oui;Non;
306;Houara-oulad teima;45.00;+15;+35;+55;+75;Oui;Oui;Oui;Oui;Oui;Oui;Non;
307;"ERRAHMA VILLE	";30.00;+15;+35;+55;+75;Oui;Oui;Oui;Oui;Oui;Oui;Oui;
308;azrou ait melloul;45.00;+15;+35;+55;+75;Oui;Oui;Oui;Oui;Oui;Oui;Non;
309;Ben Yakhlef;40.00;+15;+35;+55;+75;Oui;Oui;Oui;Oui;Oui;Oui;Oui;
310;El Mansouria;40.00;+15;+35;+55;+75;Oui;Oui;Oui;Oui;Oui;Oui;Oui;
312;cap beddouza;45.00;+15;+35;+55;+75;Oui;Oui;Oui;Oui;Oui;Oui;Non;
313;Jemâa-Shaim;45.00;+15;+35;+55;+75;Non;Oui;Non;Oui;Non;Oui;Non;
314;El Borouj;45.00;+15;+35;+55;+75;Oui;Oui;Oui;Oui;Oui;Oui;Non;
315;oulad said settat;45.00;+15;+35;+55;+75;Oui;Oui;Oui;Oui;Oui;Oui;Non;
316;sidi hajjaj (settat);45.00;+15;+35;+55;+75;Oui;Oui;Oui;Oui;Oui;Oui;Non;
317;Ras El Ain (settat);45.00;+15;+35;+55;+75;Oui;Oui;Oui;Oui;Oui;Oui;Non;
318;Guisser (settat);45.00;+15;+35;+55;+75;Non;Oui;Non;Oui;Non;Oui;Non;
320;Lakhyayeta;40.00;+15;+35;+55;+75;Oui;Oui;Oui;Oui;Oui;Oui;Non;
321;Nzalat Laadam;45.00;+15;+35;+55;+75;Oui;Non;Non;Oui;Non;Non;Non;
322;Oulad Zidoh;45.00;+15;+35;+55;+75;Oui;Oui;Oui;Oui;Oui;Oui;Non;
323;souiria Guedima (REG SAFI);45.00;+15;+35;+55;+75;Oui;Oui;Oui;Oui;Oui;Oui;Non;
324;Jorf El Melha;45.00;+15;+35;+55;+75;Oui;Oui;Oui;Oui;Oui;Oui;Non;
325;Ain Beida;45.00;+15;+35;+55;+75;Oui;Non;Oui;Oui;Oui;Oui;Non;
326;Mokrisset;45.00;+15;+35;+55;+75;Oui;Oui;Oui;Oui;Oui;Oui;Oui;
327;Oulad Ayad;45.00;+15;+35;+55;+75;Oui;Oui;Oui;Oui;Oui;Oui;Non;
329;AIN ATIQ;40.00;+15;+35;+55;+75;Oui;Oui;Oui;Oui;Oui;Oui;Non;
330;Moulay Bousselham;40.00;+15;+35;+55;+75;Oui;Non;Non;Oui;Non;Non;Non;
331;Khenichet;45.00;+15;+35;+55;+75;Non;Oui;Non;Oui;Non;Oui;Non;
332;Zoumi-Ouazzane;45.00;+15;+35;+55;+75;Oui;Non;Non;Oui;Non;Non;Non;
333;Teroual - Ouazzane;45.00;+15;+35;+55;+75;Non;Oui;Non;Non;Oui;Non;Non;
334;Ain Dfali-Ouazzane;45.00;+15;+35;+55;+75;Non;Non;Oui;Non;Non;Oui;Non;
335;Masmouda - Ouazzane;45.00;+15;+35;+55;+75;Non;Non;Oui;Non;Non;Oui;Non;
336;Stehat-Chefchaouen;45.00;+15;+35;+55;+75;Oui;Non;Oui;Non;Non;Oui;Non;
337;Temsia-agadir;45.00;+15;+35;+55;+75;Oui;Oui;Oui;Oui;Oui;Oui;Non;
338;Tamraght;45.00;+15;+35;+55;+75;Oui;Oui;Oui;Oui;Oui;Oui;Non;
339;Had bouhssoussen;45.00;+15;+35;+55;+75;Oui;Oui;Oui;Oui;Oui;Oui;Oui;
340;"Moulay bouazza khenifra	";45.00;+15;+35;+55;+75;Oui;Oui;Oui;Oui;Oui;Oui;Oui;
341;Tagzert;45.00;+15;+35;+55;+75;Oui;Oui;Oui;Oui;Oui;Oui;Non;
342;Oulad M barek-Beni Mellal;45.00;+15;+35;+55;+75;Oui;Oui;Oui;Oui;Oui;Oui;Non;
343;Tanougha-Beni Mellal;45.00;+15;+35;+55;+75;Oui;Oui;Oui;Oui;Oui;Oui;Oui;
344;Foum Oudi;45.00;+15;+35;+55;+75;Oui;Oui;Oui;Oui;Oui;Oui;Non;
345;Ikhourbane;45.00;+15;+35;+55;+75;Oui;Oui;Oui;Oui;Oui;Oui;Non;
346;Zag-VILLE;45.00;+15;+35;+55;+75;Oui;Oui;Oui;Oui;Oui;Oui;Non;
347;El Ouatia;45.00;+15;+35;+55;+75;Non;Non;Oui;Non;Non;Oui;Non;
348;Port of Tan-Tan;45.00;+15;+35;+55;+75;Non;Oui;Non;Oui;Non;Oui;Non;
349;oulad oujih;45.00;+15;+35;+55;+75;Oui;Oui;Oui;Oui;Oui;Oui;Non;
350;Lalla Mimouna;45.00;+15;+35;+55;+75;Oui;Non;Non;Oui;Non;Non;Non;
351;Dlalha;45.00;+15;+35;+55;+75;Oui;Non;Non;Oui;Non;Non;Non;
352;Mers El Kheir;45.00;+15;+35;+55;+75;Oui;Oui;Oui;Oui;Oui;Oui;Non;
353;Sidi Yahya Zaer;45.00;+15;+35;+55;+75;Oui;Oui;Oui;Oui;Oui;Oui;Non;
354;Skhour Rehamna;45.00;+15;+35;+55;+75;Non;Non;Oui;Non;Non;Oui;Non;
355;Amizmiz;45.00;+15;+35;+55;+75;Non;Non;Oui;Non;Non;Oui;Non;
356;El Hanchane;45.00;+15;+35;+55;+75;Oui;Oui;Oui;Oui;Oui;Oui;Non;
357;Akka-tata;45.00;+15;+35;+55;+75;Oui;Oui;Oui;Oui;Oui;Oui;Non;
358;Tagmout-tata;45.00;+15;+35;+55;+75;Oui;Oui;Oui;Oui;Oui;Oui;Oui;
359;"Issafen-tata	";45.00;+15;+35;+55;+75;Oui;Oui;Oui;Oui;Oui;Oui;Oui;
360;Fam El Hisn-tata;45.00;+15;+35;+55;+75;Oui;Oui;Oui;Oui;Oui;Oui;Oui;
362;MASSA;45.00;+15;+35;+55;+75;Oui;Oui;Oui;Oui;Oui;Oui;Non;
363;Kariat Arkman?-Nador;45.00;+15;+35;+55;+75;Oui;Non;Non;Oui;Non;Non;Non;
364;Had Hrara-SAFI;45.00;+15;+35;+55;+75;Non;Non;Non;Non;Non;Non;Oui;
365;"Sidi Zouine	";45.00;+15;+35;+55;+75;Oui;Non;Oui;Non;Oui;Non;Non;
366;Skoura-Ouarzazate;45.00;+15;+35;+55;+75;Oui;Non;Non;Oui;Non;Oui;Non;
367;Bni hdifa - Region Al hoceima;45.00;+15;+35;+55;+75;Oui;Oui;Oui;Oui;Oui;Oui;Non;
368;Bab Marzouka-Taza;45.00;+15;+35;+55;+75;Non;Non;Oui;Non;Non;Oui;Non;
369;Aknoul-taza;45.00;+15;+35;+55;+75;Oui;Oui;Oui;Oui;Oui;Oui;Non;
370;Hatane-Khouribga;45.00;+15;+35;+55;+75;Non;Oui;Oui;Oui;Oui;Non;Non;
371;sidi allal tazi;45.00;+15;+35;+55;+75;Oui;Oui;Oui;Oui;Oui;Oui;Non;
372;Tiddas;45.00;+15;+35;+55;+75;Non;Non;Oui;Non;Non;Oui;Non;
373;Ain Johra;45.00;+15;+35;+55;+75;Non;Non;Oui;Non;Non;Oui;Non;
374;Maâziz;45.00;+15;+35;+55;+75;Non;Non;Non;Non;Non;Oui;Non;
376;T?d?s-Khemisset;45.00;+15;+35;+55;+75;Non;Non;Non;Non;Non;Oui;Non;
377;Laouamra- ksar el kebir;45.00;+15;+35;+55;+75;Oui;Oui;Oui;Oui;Oui;Oui;Non;
378;Khemis Sahel;45.00;+15;+35;+55;+75;Non;Oui;Non;Oui;Non;Oui;Non;
379;Krimda;45.00;+15;+35;+55;+75;Non;Non;Non;Non;Non;Non;Non;
380;Sidi Aissa-Beni-Mellal;45.00;+15;+35;+55;+75;Oui;Non;Oui;Non;Oui;Non;Non;
381;Ouled Moussa-Beni Mellal;45.00;+15;+35;+55;+75;Oui;Oui;Oui;Oui;Oui;Oui;Non;
382;Oulad Said-Beni Mellal;45.00;+15;+35;+55;+75;Oui;Oui;Oui;Oui;Oui;Oui;Non;
383;ighram laalam-beni mellal;45.00;+15;+35;+55;+75;Oui;Oui;Oui;Oui;Oui;Oui;Non;
384;Tanougha-Beni Mellal;45.00;+15;+35;+55;+75;Oui;Oui;Oui;Oui;Oui;Oui;Oui;
385;Zaouiat Cheikh;45.00;+15;+35;+55;+75;Oui;Oui;Oui;Oui;Oui;Oui;Non;
386;Ait Ali;45.00;+15;+35;+55;+75;Oui;Oui;Oui;Oui;Oui;Oui;Oui;
387;Lehri-KHENIFRA;45.00;+15;+35;+55;+75;Oui;Oui;Oui;Oui;Oui;Oui;Oui;
388;"El Kebab-KHENIFRA	";45.00;+15;+35;+55;+75;Oui;Oui;Oui;Oui;Oui;Oui;Non;
389;El Borj-KHENIFRA;45.00;+15;+35;+55;+75;Oui;Oui;Oui;Oui;Oui;Oui;Non;
391;"Ouaoumana	";45.00;+15;+35;+55;+75;Oui;Oui;Oui;Oui;Oui;Oui;Oui;
392;Ait ishaq;45.00;+15;+35;+55;+75;Oui;Non;Oui;Non;Oui;Non;Non;
393;Ait ishaK;45.00;+15;+35;+55;+75;Non;Non;Non;Non;Non;Non;Non;
394;Tighassaline ville;45.00;+15;+35;+55;+75;Non;Oui;Non;Oui;Non;Oui;Non;
395;Aguelmous;45.00;+15;+35;+55;+75;Oui;Non;Oui;Oui;Non;Oui;Non;
397;Bounouar;45.00;+15;+35;+55;+75;Oui;Oui;Oui;Oui;Oui;Oui;Oui;
398;HATTANE;45.00;+15;+35;+55;+75;Non;Non;Non;Non;Non;Non;Non;
399;Boujniba;45.00;+15;+35;+55;+75;Non;Oui;Non;Oui;Non;Oui;Non;
400;Ouaouizeght;45.00;+15;+35;+55;+75;Non;Non;Non;Non;Non;Oui;Non;
401;Adouz;45.00;+15;+35;+55;+75;Oui;Oui;Oui;Oui;Oui;Oui;Non;
402;Foum El Anceur;45.00;+15;+35;+55;+75;Oui;Oui;Oui;Oui;Oui;Oui;Non;
403;FERYATA;45.00;+15;+35;+55;+75;Oui;Oui;Oui;Oui;Oui;Oui;Non;
404;Foum Zaouia;45.00;+15;+35;+55;+75;Oui;Oui;Oui;Oui;Oui;Oui;Non;
405;"Tanougha-Beni Mellal	";45.00;+15;+35;+55;+75;Oui;Oui;Oui;Oui;Oui;Oui;Oui;
406;Al kamoun-ksba tadla;45.00;+15;+35;+55;+75;Non;Non;Non;Non;Non;Non;Non;
407;Jerf El Melha;45.00;+15;+35;+55;+75;Non;Non;Oui;Non;Non;Oui;Non;
408;Zemamra;45.00;+15;+35;+55;+75;Non;Oui;Oui;Oui;Non;Oui;Non;
410;Sidi Smail;45.00;+15;+35;+55;+75;Oui;Oui;Oui;Oui;Oui;Oui;Oui;
411;Azemmour;45.00;+15;+35;+55;+75;Oui;Oui;Oui;Oui;Oui;Oui;Non;
412;Bir Jdid;40.00;+15;+35;+55;+75;Oui;Non;Non;Non;Non;Non;Non;
413;El Jorf Lasfar ;45.00;+15;+35;+55;+75;Non;Oui;Non;Oui;Non;Oui;Non;
414;Moulay Abdallah Amghar;45.00;+15;+35;+55;+75;Oui;Oui;Oui;Oui;Oui;Oui;Oui;
415;El Aouamra;45.00;+15;+35;+55;+75;Non;Non;Non;Non;Non;Non;Non;
416;Laarache;40.00;+15;+35;+55;+75;Non;Non;Non;Non;Non;Non;Non;
417;Oulad Bourahma;40.00;+15;+35;+55;+75;Oui;Oui;Oui;Oui;Oui;Oui;Oui;
418;Zone Franche (kenitra);40.00;+15;+35;+55;+75;Oui;Oui;Oui;Oui;Oui;Oui;Oui;
420;Ghafsai;45.00;+15;+35;+55;+75;Non;Oui;Non;Non;Oui;Non;Oui;
421;sidi aadi;45.00;+15;+35;+55;+75;Non;Non;Non;Non;Non;Non;Non;
422;Mejjat-chichaoua;45.00;+15;+35;+55;+75;Non;Oui;Non;Oui;Non;Oui;Non;
423;Ain Tekki;45.00;+15;+35;+55;+75;Oui;Oui;Oui;Oui;Oui;Oui;Oui;
426;OULAD ABBOU-settat;45.00;+15;+35;+55;+75;Oui;Oui;Oui;Oui;Oui;Oui;Non;
428;AIN LEUH;45.00;+15;+35;+55;+75;Non;Non;Oui;Non;Non;Oui;Non;
429;Souihla;45.00;+15;+35;+55;+75;Oui;Non;Oui;Non;Oui;Non;Non;
430;El Haj Kaddour;45.00;+15;+35;+55;+75;Non;Non;Non;Non;Non;Non;Non;
431;Boulemane;45.00;+15;+35;+55;+75;Oui;Oui;Oui;Oui;Oui;Oui;Oui;
432;"Tin Mansour	";45.00;+15;+35;+55;+75;Oui;Oui;Oui;Oui;Oui;Oui;Oui;
433;Arba Aounate;45.00;+15;+35;+55;+75;Oui;Oui;Oui;Oui;Oui;Oui;Oui;
434;AIN BNI MATHAR;45.00;+15;+35;+55;+75;Oui;Oui;Oui;Oui;Oui;Oui;Oui;
435;Tikiouine;45.00;+15;+35;+55;+75;Oui;Oui;Oui;Oui;Oui;Oui;Oui;
437;Chellalat Mohammedia;40.00;+15;+35;+55;+75;Oui;Oui;Oui;Oui;Oui;Oui;Oui;
438;Zouada;45.00;+15;+35;+55;+75;Non;Non;Non;Non;Non;Non;Non;
439;Arbaoua;45.00;+15;+35;+55;+75;Non;Non;Non;Non;Non;Non;Non;
440;Sidi el Aidi;45.00;+15;+35;+55;+75;Oui;Oui;Oui;Oui;Oui;Oui;Oui;
443;DAR GUEDDARI;45.00;+15;+35;+55;+75;Oui;Non;Oui;Non;Oui;Non;Non;
445;Tagadirt-Agadir;45.00;+15;+35;+55;+75;Oui;Oui;Oui;Oui;Oui;Oui;Non;
446;Tadouaret-Agadir;45.00;+15;+35;+55;+75;Oui;Oui;Oui;Oui;Oui;Oui;Non;
447;Leqliaa - Taddart;45.00;+15;+35;+55;+75;Oui;Oui;Oui;Oui;Oui;Oui;Non;
448;"ain mediouna - taounate	";45.00;+15;+35;+55;+75;Non;Oui;Non;Oui;Non;Oui;Non;
449;ain aicha - taounate;45.00;+15;+35;+55;+75;Non;Oui;Non;Oui;Non;Oui;Non;
450;"zrizer - taounate	";45.00;+15;+35;+55;+75;Oui;Oui;Non;Non;Oui;Non;Non;
451;Ain Sbit;45.00;+15;+35;+55;+75;Oui;Non;Non;Oui;Non;Non;Non;
452;MERCHOUCH;45.00;+15;+35;+55;+75;Oui;Non;Non;Oui;Non;Non;Non;
453;TANANTE-AZILAL;45.00;+15;+35;+55;+75;Non;Non;Oui;Non;Non;Oui;Non;
454;Birkouate;45.00;+15;+35;+55;+75;Oui;Oui;Oui;Oui;Oui;Oui;Non;
455;"Moulay Yaâcoub	";45.00;+15;+35;+55;+75;Non;Non;Oui;Non;Non;Oui;Non;
456;sidi boujida;45.00;+15;+35;+55;+75;Oui;Oui;Oui;Oui;Oui;Oui;Non;
457;Oulad Tayeb;45.00;+15;+35;+55;+75;Oui;Oui;Oui;Non;Non;Oui;Non;
458;Ain Chkef;45.00;+15;+35;+55;+75;Oui;Oui;Oui;Oui;Oui;Non;Non;
459;Ouled Khlifa;45.00;+15;+35;+55;+75;Oui;Oui;Oui;Oui;Oui;Oui;Non;
460;LOUDAYA;45.00;+15;+35;+55;+75;Oui;Non;Oui;Non;Oui;Non;Non;
461;Tassoultante;45.00;+15;+35;+55;+75;Non;Oui;Non;Oui;Non;Oui;Non;
463;Tameslouht;45.00;+15;+35;+55;+75;Non;Oui;Non;Oui;Non;Oui;Non;
464;Sidi Moussa-OURIKA;45.00;+15;+35;+55;+75;Oui;Oui;Oui;Oui;Oui;Oui;Oui;
465;Gueznaia - Tanger;40.00;+15;+35;+55;+75;Oui;Oui;Oui;Oui;Oui;Oui;Non;
466;TANGER-bougdour;40.00;+15;+35;+55;+75;Oui;Oui;Oui;Oui;Oui;Oui;Non;
467;AIN DALIA-tanger;40.00;+15;+35;+55;+75;Oui;Oui;Oui;Oui;Oui;Oui;Non;
468;Chraka - Tanger;40.00;+15;+35;+55;+75;Oui;Oui;Oui;Oui;Oui;Oui;Non;
469;TANGER-chaouia;40.00;+15;+35;+55;+75;Oui;Oui;Oui;Oui;Oui;Oui;Non;
471;tamchat;45.00;+15;+35;+55;+75;Non;Oui;Non;Oui;Non;Oui;Non;
472;TAGANTE;45.00;+15;+35;+55;+75;Non;Non;Oui;Non;Oui;Non;Non;
473;Moulay Idriss Zerhoun;45.00;+15;+35;+55;+75;Non;Non;Oui;Non;Non;Oui;Non;
476;BOUYAFAR;45.00;+15;+35;+55;+75;Non;Non;Non;Non;Non;Oui;Non;
477;Sidi Bousberr;45.00;+15;+35;+55;+75;Non;Oui;Non;Oui;Non;Oui;Non;
478;LAMJAARA-ouazzane;45.00;+15;+35;+55;+75;Non;Oui;Non;Oui;Non;Non;Non;
480;BRIKCHA-ouazzane;45.00;+15;+35;+55;+75;Non;Non;Oui;Non;Non;Oui;Non;
481;Beni Quolla-ouazzane;45.00;+15;+35;+55;+75;Non;Oui;Non;Oui;Non;Oui;Non;
482;Mzefroune-ouazzane;45.00;+15;+35;+55;+75;Oui;Non;Oui;Non;Oui;Non;Non;
484;Sidi Elmoukhtar - Chichaoua;45.00;+15;+35;+55;+75;Oui;Non;Oui;Non;Oui;Non;Non;
485;Ouled El Ghadbane;45.00;+15;+35;+55;+75;Oui;Oui;Oui;Oui;Oui;Oui;Non;
487;Had kourt;45.00;+15;+35;+55;+75;Oui;Non;Oui;Non;Oui;Non;Non;
488;Madagh-berkan;45.00;+15;+35;+55;+75;Oui;Oui;Oui;Oui;Oui;Oui;Non;
489;Laatamna;45.00;+15;+35;+55;+75;Oui;Oui;Oui;Oui;Oui;Oui;Non;
490;Sebt ben sassi;45.00;+15;+35;+55;+75;Oui;Oui;Oui;Oui;Oui;Oui;Non;
491;AIT BAHA;45.00;+15;+35;+55;+75;Oui;Oui;Oui;Oui;Oui;Oui;Non;
493;Ribate El Kheir-sefrou;45.00;+15;+35;+55;+75;Oui;Oui;Oui;Oui;Oui;Oui;Non;
494;El Menzale-sefrou;45.00;+15;+35;+55;+75;Oui;Oui;Oui;Oui;Oui;Oui;Non;
495;Tizi Ouasli;45.00;+15;+35;+55;+75;Oui;Oui;Oui;Oui;Oui;Oui;Non;
496;MSOUN taza;45.00;+15;+35;+55;+75;Oui;Oui;Oui;Oui;Oui;Oui;Non;
499;Akhfennir;45.00;+15;+35;+55;+75;Oui;Oui;Oui;Oui;Oui;Oui;Non;
500;Gfifat-oulad teima;45.00;+15;+35;+55;+75;Oui;Oui;Oui;Oui;Oui;Oui;Non;
501;Oulad Dahou-HOUARA;45.00;+15;+35;+55;+75;Oui;Oui;Oui;Oui;Oui;Oui;Non;
502;TIMAHDITE-AZROU;45.00;+15;+35;+55;+75;Non;Non;Non;Oui;Non;Non;Non;
503;AGOURAY;45.00;+15;+35;+55;+75;Oui;Oui;Oui;Oui;Oui;Oui;Non;
504;SIDI AADI;45.00;+15;+35;+55;+75;Non;Non;Oui;Non;Non;Oui;Non;
505;Lalla Takerkoust;45.00;+15;+35;+55;+75;Oui;Oui;Oui;Oui;Oui;Oui;Non;
506;Oulad yahya-Marrakech;45.00;+15;+35;+55;+75;Non;Oui;Non;Oui;Non;Oui;Non;
507;Chrifia-Marrakech;45.00;+15;+35;+55;+75;Oui;Oui;Oui;Oui;Oui;Oui;Non;
508;Sidi Abdellah Ghiat;45.00;+15;+35;+55;+75;Oui;Oui;Oui;Oui;Oui;Oui;Non;
509;Ait Ben Haddou;45.00;+15;+35;+55;+75;Oui;Oui;Oui;Oui;Oui;Oui;Non;
510;TALSINNT;45.00;+15;+35;+55;+75;Oui;Oui;Oui;Oui;Oui;Oui;Non;
511;Aouama-Tanger;40.00;+15;+35;+55;+75;Oui;Oui;Oui;Oui;Oui;Oui;Non;
512;Ras El Ain Rehamena- Tamelelt;45.00;+15;+35;+55;+75;Oui;Oui;Oui;Oui;Oui;Oui;Non;
513;Tlauh - Tamelelt;45.00;+15;+35;+55;+75;Oui;Oui;Oui;Oui;Oui;Oui;Non;
514;EL AIOUN SIDI MELLOUK;45.00;+15;+35;+55;+75;Oui;Oui;Oui;Oui;Oui;Oui;Non;
515;"Bir Tam Tam	";45.00;+15;+35;+55;+75;Non;Non;Oui;Non;Non;Oui;Non;
516;"Ras Tabouda	";45.00;+15;+35;+55;+75;Non;Non;Non;Non;Non;Non;Oui;
517;Zaouia Bougrine;45.00;+15;+35;+55;+75;Oui;Oui;Oui;Oui;Oui;Oui;Non;
518;"El houmer-taroudant	";45.00;+15;+35;+55;+75;Oui;Oui;Oui;Oui;Oui;Oui;Non;
519;Oulad Terna;45.00;+15;+35;+55;+75;Oui;Oui;Oui;Oui;Oui;Oui;Non;
520;Ouled Abbou-TAROUDANT;45.00;+15;+35;+55;+75;Oui;Oui;Oui;Oui;Oui;Oui;Non;
521;Oulad Aissa-TAROUDANT;45.00;+15;+35;+55;+75;Oui;Oui;Oui;Oui;Oui;Oui;Non;
522;Tazemmourt-taroudant;45.00;+15;+35;+55;+75;Oui;Oui;Oui;Oui;Oui;Oui;Non;
523;"tamaloukt-taroudant	";45.00;+15;+35;+55;+75;Oui;Oui;Oui;Oui;Oui;Oui;Non;
524;"nouail-taroudant	";45.00;+15;+35;+55;+75;Oui;Oui;Oui;Oui;Oui;Oui;Non;
525;"oulad mhela-taroudant	";45.00;+15;+35;+55;+75;Oui;Oui;Oui;Oui;Oui;Oui;Non;
526;"El boura-taroudant	";45.00;+15;+35;+55;+75;Oui;Oui;Oui;Oui;Oui;Oui;Non;
527;"Oulad brahim-taroudant	";45.00;+15;+35;+55;+75;Oui;Oui;Oui;Oui;Oui;Oui;Non;
528;"Sidi moussa lhamri-TAROUDANT	";45.00;+15;+35;+55;+75;Oui;Oui;Oui;Oui;Oui;Oui;Non;
529;"Ahmar laglalcha-taroudant	";45.00;+15;+35;+55;+75;Oui;Oui;Oui;Oui;Oui;Oui;Non;
530;IGHREM-TATA;45.00;+15;+35;+55;+75;Oui;Oui;Oui;Oui;Oui;Oui;Non;
531;ASJENN-ouazzane;45.00;+15;+35;+55;+75;Oui;Oui;Oui;Oui;Oui;Oui;Non;
532;TAFOUGHALT;45.00;+15;+35;+55;+75;Oui;Oui;Oui;Oui;Oui;Oui;Non;
533;AIN SFA-OUJDA;45.00;+15;+35;+55;+75;Oui;Oui;Oui;Oui;Oui;Oui;Non;
534;Bouhouda-taounat;45.00;+15;+35;+55;+75;Oui;Non;Oui;Non;Non;Oui;Non;
535;Tahar Souk-taounat;45.00;+15;+35;+55;+75;Oui;Oui;Oui;Oui;Oui;Oui;Non;
536;bouaadl-taounat;45.00;+15;+35;+55;+75;Oui;Oui;Oui;Oui;Oui;Oui;Non;
537;Ouled azem-taounat;45.00;+15;+35;+55;+75;Oui;Oui;Oui;Oui;Oui;Oui;Non;
538;Tazouda-taounat;45.00;+15;+35;+55;+75;Oui;Oui;Oui;Oui;Oui;Oui;Non;
539;Timezgana-taounat;45.00;+15;+35;+55;+75;Oui;Non;Oui;Non;Non;Oui;Non;
540;Imouzzer Marmoucha;45.00;+15;+35;+55;+75;Oui;Non;Non;Oui;Non;Non;Non;
541;MEZRAOUA-taounat;45.00;+15;+35;+55;+75;Oui;Non;Non;Oui;Non;Non;Non;
542;Ait Yaazem-meknes;45.00;+15;+35;+55;+75;Oui;Oui;Oui;Oui;Oui;Oui;Non;
544;Ourtzagh-taounat;45.00;+15;+35;+55;+75;Oui;Oui;Oui;Oui;Oui;Oui;Non;
545;Kasbat ayir-oualidia;45.00;+15;+35;+55;+75;Oui;Oui;Oui;Oui;Oui;Oui;Non;
546;Amerzgane;45.00;+15;+35;+55;+75;Oui;Oui;Oui;Oui;Oui;Oui;Non;
547; Imini-Ouarzazate;45.00;+15;+35;+55;+75;Oui;Oui;Oui;Oui;Oui;Oui;Non;
550;LAMHIRIZ-dakhla;45.00;+15;+35;+55;+75;Oui;Oui;Oui;Oui;Oui;Oui;Non;
552;AIN SMEN-FES;40.00;+15;+35;+55;+75;Oui;Oui;Oui;Oui;Oui;Oui;Oui;
553;Idouirane-Imintanuot ;45.00;+15;+35;+55;+75;Oui;Oui;Oui;Oui;Oui;Oui;Non;
554;Tamait Izder-agadir;45.00;+15;+35;+55;+75;Oui;Oui;Oui;Oui;Oui;Oui;Non;
555;Tinzouline-zagora;45.00;+15;+35;+55;+75;Non;Oui;Non;Oui;Non;Oui;Non;
557;BEN ZOLI;45.00;+15;+35;+55;+75;Non;Oui;Non;Oui;Non;Oui;Non;
558;Tagounite;45.00;+15;+35;+55;+75;Non;Non;Oui;Non;Non;Non;Oui;
559;Ain el Mediour- taroudant;45.00;+15;+35;+55;+75;Oui;Oui;Oui;Oui;Oui;Oui;Non;
560;Ouled Mssaad;45.00;+15;+35;+55;+75;Oui;Oui;Oui;Oui;Oui;Oui;Non;
561;Oulad Othmane;45.00;+15;+35;+55;+75;Oui;Oui;Oui;Oui;Oui;Oui;Non;
562;Oulad Yahya Lagraire;45.00;+15;+35;+55;+75;Oui;Oui;Oui;Oui;Oui;Oui;Non;
563;Tinnegza;45.00;+15;+35;+55;+75;Oui;Oui;Oui;Oui;Oui;Oui;Non;
564;Ouled Moqaddem;45.00;+15;+35;+55;+75;Oui;Oui;Oui;Oui;Oui;Oui;Non;
565;Aït Attab;45.00;+15;+35;+55;+75;Oui;Oui;Oui;Oui;Oui;Oui;Non;
566;Oulad Aissa- el jadida;45.00;+15;+35;+55;+75;Oui;Oui;Oui;Oui;Oui;Oui;Non;
567;BRADIA;45.00;+15;+35;+55;+75;Oui;Oui;Oui;Oui;Oui;Oui;Non;
568;Souk El Had Des Bradia;45.00;+15;+35;+55;+75;Oui;Oui;Oui;Oui;Oui;Oui;Non;
570;Ouzoud;45.00;+15;+35;+55;+75;Oui;Oui;Oui;Oui;Oui;Oui;Non;
571;HOUARA-Tanger;45.00;+15;+35;+55;+75;Oui;Oui;Oui;Oui;Oui;Oui;Non;
572;MEHARZA-Tanger;45.00;+15;+35;+55;+75;Oui;Oui;Oui;Oui;Oui;Oui;Non;
573;EL MNBAR-Tanger;45.00;+15;+35;+55;+75;Oui;Oui;Oui;Oui;Oui;Oui;Non;
574;AIN BELLOUT-Tanger;45.00;+15;+35;+55;+75;Oui;Oui;Oui;Oui;Oui;Oui;Non;
575;Agouim;45.00;+15;+35;+55;+75;Oui;Oui;Oui;Oui;Oui;Oui;Non;
576;Ighrem N Ougdal ;45.00;+15;+35;+55;+75;Oui;Oui;Oui;Oui;Oui;Oui;Non;
577;Tarmigt ;45.00;+15;+35;+55;+75;Oui;Oui;Oui;Oui;Oui;Oui;Non;
578;Ain jiri;45.00;+60.00;+70.00;+80.00;+100.00;Oui;Non;Oui;Non;Oui;Non;Non;
579; Tlata Loulad Fini;45.00;+70.00;+70.00;+70.00;+70.00;Non;Non;Oui;Non;Non;Oui;Non; 
580;Tnine Beni Meskine;45.00;+70.00;+80.00;+90.00;+90.00;Non;Oui;Non;Oui;Non;Non;Non;  
581;Aghbalou N serdan;45.00;+70.00;+75.00;+80.00;+90.00;Non;Non;Non;Oui;Non;Non;Non;
582;Itzer-zaida;45.00;+70.00;+80.00;+80.00;+90.00;Non;Non;Oui;Non;Non;Oui;Non;
583;Zoualeth Dkhissa;45.00;+70.00;+70.00;+70.00;+70.00;Oui;Oui;Oui;Oui;Oui;Oui;Non;
584;Ras El Ma Fes;45.00;+60.00;+70.00;+80.00;+90.00;Oui;Oui;Oui;Oui;Oui;Oui;Non; 
585;Tassaout;45.00;+15.00;+35.00;+55.00;+75.00;Oui;Oui;Non;Non;Oui;Oui;Non;
586;Oued Jdida;45.00;+15.00;+35.00;+55.00;+75.00;Non;Oui;Non;Non;Non;Non;Non;
587;Ouled Slim Khrarib;45.00;+15.00;+35.00;+55.00;+75.00;Non;Oui;Non;Non;Non;Non;Non;
