HUB AGADIR,"Anza
Taddart - anza-
aourir
tamaraght
Taghazoute
imi wadar
lqliaa
ikhorban
Biogra
Ait amira
Belfaa
MASSA
Taroudannt
Oulad Teima
Taliouine
oulad berhil
Aoulouz
Sebt El Guerdane
Tiznit
Sidi Bibi
Mer Left
Tafraut
Tata
AKKA
Fom Zkid
Fom Lahcen
Ait Baha
Ait iaaza
Agadir
Drarga
Inzegane
Ait Meloul
Dcheira
azrou agadir
timsia

Awrir
Aglou
tamri
tagadirt
Tikiouine"
Hub Dakhla,Dakhla
HUB Marrakech,Marrakech
HUB Beni Mellal,"Beni Mellal
Fquih Ben Salah
Sebt Oulad Nemma
Kasbah Tadla
Ouaouizeght
Demnate
Khouribga
Boujniba
Azilal

El Ksiba
Bejaad
Oued Zem
Khenifra
Mrirt
Afourer
Bir Mezoui
oulad aayed
oulad said -beni melal-
beni ayat
fam laansar beni mellal
fam audi beni melal
adouz beni melal
faryata BENI MELAL
tagzirt beni mellal
tighsalin
zawit chikh
OULAD YOUSSEF
Ouled Yaiche"
HUB Oujda-Nador,"Oujda
Berkane
Aklim
Nador
Driouch
Zaio
Al Aaroui
Beni Ansar
Selouane
Zeghanghane
Midar
Ben Taieb
Farkhana
Bouarg
Tafersit
Tamsamane
Krona
Annual
Mariouari
Oued Amlil
Al Hoceima
Ait Kamra
Boukidaren
Bni Bouayach
tala youssef
targuist
issaguen
Bouarfa
Figuig
Jerada
Saidia
Ahfir
Laayoun Cherqia
Amezzaourou
Izemmouren
IMZOUREN

Kassita
Dar El Kebdani
Tendrara
ahad amsila
Ras El Ma
ben methar
BOUANANE
BARGAME
TAMDRARA
beni tadjit
Tiztoutine
BEN MATHAR
Bni mathar
Ajdir (Région Hociema)"
HUB Errachidia,"Errachidia
Errich
Midelt
Missour
Outat El Haj
Gulmima
Tinjdad
Arfoud
Rissani
boumia
marzouga
marzouga
zayda
Boudnib"
HUB Rabat,"Rabat
Sale
Sale El Jadida
Harhoura
Skhirat
Temara
Sidi Bouknadel
Sidi Allal El Bahraoui
AIN ATTIG
sidi yahya zaair
Tamesna
Ain Aouda"
HUB TANGER,"Tanger
Tetouan
Martil
M Diq
Fnideq
Assilah
Larache
Ksar El Kebir
Ksar Sghir
Chefchaouen
Bab Taza
Bab berred
Ouazzane
DERDARA
Ben Ahmed - CHEFCHAOUEN -
Cabo Negro

Ouad Laou
El Jebeha
eddalya"
HUB Ouarzazate,"Boumalne Dades
Zagora
Tinghir
Kalaat MGouna
Ouarzazat
Agdz
Imghran
Agwim
Skoura
Agdez
Tazenakht
TIDLI ouarzazat
Nkob
tagonit zagora
Tazzarine
alnif
Tabounte"
HUB Meknes,"Meknes
Khemisset
Tiflet
Boufakrane
El Hajeb
Ifran
Azrou
Sabaa Aayoun
Ain Taoujdate
Bouderbala
Lmahya
Mhaya
Sidi Sliman
Sidi Kacem"
HUB EL JADIDA,"BIR JDID
El Jadida
Had Soualem
Khmiss Zemamera
Oualidia
Oulad Fraj
Sidi Bennour
Sidi Smail
Azemmour
Sidi Bouzid
Moulay Abdellah
haouzia
beni helal
moulay abdellah"
AGADIR,
HUB Guelmim-Tan Tan,"Guelmim
Bouizakarne
Tan Tan
Assa
Tleta El Akhsass
Sidi Ifni
laayounn
Timoulay
El ouatya
zag"
hub laayoun,"El Marsa
Essmara
Boujdour
BLAYA
Terfaya
Laayoune"
HUBE CASABLANCA,Casablanca
HUB SAFI- Essaouira,"Safi
Essaouira
Sebt Gzoula
Ounagha
Ghazoua
zawit sidi ismail
Smimou
Tleta Sidi Bouguedra
jadida
temanar"
HUB FES,"Fes
Taounate
Sefrou

Oulad Ettayeb

ghefsay
Ain Aicha
ain chegag
Karia Be Mohammed
Ain Mediouna
Imouzzer Kandar
moulay aakoub
ain chekaf
imouzar marmocha
Sidi Harazem"
El Kelaa des sraghn,
HUB Settat-Berchid,"El Gara
Ben Ahmed - BERRCHID -
Sidi Rahal
Bouznika
Benslimane
errahma
Nouaceur
Sidi Bernoussi
LBROUJ
Deroua
Tit Melil
Ain Harrouda
Settat
Berrchid
Mohammedia
Mediouna
Sidi Messaoud
Bouskoura
Dar Bouaza
CASABLANCA
mansouria
Tamaris"
Hub Kenitra,"Kenitra
Sidi Yahya El Gharb
Moulay Bouslham
jarf el malh
Sidi Taibi
sidi allal tazi
lala mimouna
Souk Elarbaa Du Gharb
Mehdya
Mechra Bel Ksiri
khnichat"
RG-Marrakech,"Mzoda
tasltant marrakech
Oudaya
Rehamna
bengrir
L MHAMID (marrakech)
Tamsloht (marrakech)
Chouiter
amzmiz -marrakech-
chiutar marrakech
skhor Rahmana
sidi abdelah lghyat
BELAAKID (marrakech)
AGAFAY (marrakech)
Ait Ourir
Tamansourt
Youssoufia
Chemaia
Tahannaout
Ourika
Imintanoute
Chichaoua
Oulad Dlim
Sidi Bou Othmane
El Kelaa Des Sraghna
Tamelelt
Ben Guerir
Laattaouia
Oumnass
marrakech 1
EL AFAQ
sidi zwin"
Hub TAZA,"Tahla
Taourirt
Taza
Guercif
Bab MARZOKA
BAB MARZOKA
Tizi oussli
Aknoul
OUED AMLIL
Tahla
Taddart Guercif"